what,kind,bundleId,bundleVersion,description,time
executed,command,org.eclipse.search,3.6.0.v20100520-0800,"org.eclipse.search.ui.openFileSearchPage",1339742410546
activated,view,org.eclipse.ui.ide,3.6.2.M20101201-0800,"org.eclipse.ui.views.ResourceNavigator",1339742418359
opened,editor,org.eclipse.jdt.ui,3.6.2.r362_v20110203,"org.eclipse.jdt.ui.CompilationUnitEditor",1339742418609
activated,editor,org.eclipse.jdt.ui,3.6.2.r362_v20110203,"org.eclipse.jdt.ui.CompilationUnitEditor",1339742418656
activated,view,org.eclipse.ui.ide,3.6.2.M20101201-0800,"org.eclipse.ui.views.ResourceNavigator",1339742440171
deactivated,workbench,org.eclipse.ui.workbench,3.6.2.M20110210-1200,"",1339742824671
activated,workbench,org.eclipse.ui.workbench,3.6.2.M20110210-1200,"",1339743171140
activated,editor,org.eclipse.jdt.ui,3.6.2.r362_v20110203,"org.eclipse.jdt.ui.CompilationUnitEditor",1339743188562
executed,command,org.eclipse.ui,3.6.2.M20110203-1100,"org.eclipse.ui.edit.copy",1339743189812
activated,view,org.eclipse.ui.ide,3.6.2.M20101201-0800,"org.eclipse.ui.views.ResourceNavigator",1339743190703
deactivated,workbench,org.eclipse.ui.workbench,3.6.2.M20110210-1200,"",1339743195109
executed,command,org.eclipse.ui,3.6.2.M20110203-1100,"org.eclipse.ui.edit.paste",1339743195921
activated,view,org.eclipse.search,3.6.0.v20100520-0800,"org.eclipse.search.ui.views.SearchView",1339743199125
activated,workbench,org.eclipse.ui.workbench,3.6.2.M20110210-1200,"",1339743199140
executed,command,org.eclipse.search,3.6.0.v20100520-0800,"org.eclipse.search.ui.openFileSearchPage",1339743199156
deactivated,workbench,org.eclipse.ui.workbench,3.6.2.M20110210-1200,"",1339743199421
activated,workbench,org.eclipse.ui.workbench,3.6.2.M20110210-1200,"",1339743203328
activated,view,org.eclipse.ui.ide,3.6.2.M20101201-0800,"org.eclipse.ui.views.ResourceNavigator",1339743208343
deactivated,workbench,org.eclipse.ui.workbench,3.6.2.M20110210-1200,"",1339743210296
activated,view,org.eclipse.search,3.6.0.v20100520-0800,"org.eclipse.search.ui.views.SearchView",1339743212828
activated,workbench,org.eclipse.ui.workbench,3.6.2.M20110210-1200,"",1339743212859
executed,command,org.eclipse.search,3.6.0.v20100520-0800,"org.eclipse.search.ui.openFileSearchPage",1339743212875
deactivated,workbench,org.eclipse.ui.workbench,3.6.2.M20110210-1200,"",1339743213156
activated,workbench,org.eclipse.ui.workbench,3.6.2.M20110210-1200,"",1339743217046
opened,editor,org.eclipse.wst.xml.ui,1.1.105.v201106142156,"org.eclipse.wst.xml.ui.internal.tabletree.XMLMultiPageEditorPart",1339743224687
activated,editor,org.eclipse.wst.xml.ui,1.1.105.v201106142156,"org.eclipse.wst.xml.ui.internal.tabletree.XMLMultiPageEditorPart",1339743226781
activated,view,org.eclipse.ui.ide,3.6.2.M20101201-0800,"org.eclipse.ui.views.ResourceNavigator",1339743274390
deactivated,workbench,org.eclipse.ui.workbench,3.6.2.M20110210-1200,"",1339743288671
activated,workbench,org.eclipse.ui.workbench,3.6.2.M20110210-1200,"",1339743288671
deactivated,workbench,org.eclipse.ui.workbench,3.6.2.M20110210-1200,"",1339743288781
activated,workbench,org.eclipse.ui.workbench,3.6.2.M20110210-1200,"",1339743302718
opened,editor,org.eclipse.jdt.ui,3.6.2.r362_v20110203,"org.eclipse.jdt.ui.CompilationUnitEditor",1339743324390
activated,editor,org.eclipse.jdt.ui,3.6.2.r362_v20110203,"org.eclipse.jdt.ui.CompilationUnitEditor",1339743324593
activated,editor,org.eclipse.wst.xml.ui,1.1.105.v201106142156,"org.eclipse.wst.xml.ui.internal.tabletree.XMLMultiPageEditorPart",1339743330062
closed,editor,org.eclipse.jdt.ui,3.6.2.r362_v20110203,"org.eclipse.jdt.ui.CompilationUnitEditor",1339743330062
activated,view,org.eclipse.ui.ide,3.6.2.M20101201-0800,"org.eclipse.ui.views.ResourceNavigator",1339743334843
deactivated,workbench,org.eclipse.ui.workbench,3.6.2.M20110210-1200,"",1339743353906
activated,workbench,org.eclipse.ui.workbench,3.6.2.M20110210-1200,"",1339743354500
opened,editor,org.eclipse.wst.xml.ui,1.1.105.v201106142156,"org.eclipse.wst.xml.ui.internal.tabletree.XMLMultiPageEditorPart",1339743363421
activated,editor,org.eclipse.wst.xml.ui,1.1.105.v201106142156,"org.eclipse.wst.xml.ui.internal.tabletree.XMLMultiPageEditorPart",1339743363468
activated,view,org.eclipse.ui.ide,3.6.2.M20101201-0800,"org.eclipse.ui.views.ResourceNavigator",1339743386406
deactivated,workbench,org.eclipse.ui.workbench,3.6.2.M20110210-1200,"",1339743404578
activated,workbench,org.eclipse.ui.workbench,3.6.2.M20110210-1200,"",1339743406046
executed,command,org.eclipse.ltk.ui.refactoring,3.5.0.v20100526-0800,"org.eclipse.ltk.ui.refactoring.commands.deleteResources",1339743406062
activated,editor,org.eclipse.wst.xml.ui,1.1.105.v201106142156,"org.eclipse.wst.xml.ui.internal.tabletree.XMLMultiPageEditorPart",1339743408734
executed,command,org.eclipse.ui,3.6.2.M20110203-1100,"org.eclipse.ui.file.save",1339743424625
activated,view,org.eclipse.ui.ide,3.6.2.M20101201-0800,"org.eclipse.ui.views.ResourceNavigator",1339743428171
activated,editor,org.eclipse.wst.xml.ui,1.1.105.v201106142156,"org.eclipse.wst.xml.ui.internal.tabletree.XMLMultiPageEditorPart",1339743429359
activated,view,org.eclipse.ui.ide,3.6.2.M20101201-0800,"org.eclipse.ui.views.ResourceNavigator",1339743447390
opened,editor,org.eclipse.wst.xml.ui,1.1.105.v201106142156,"org.eclipse.wst.xml.ui.internal.tabletree.XMLMultiPageEditorPart",1339743447703
activated,editor,org.eclipse.wst.xml.ui,1.1.105.v201106142156,"org.eclipse.wst.xml.ui.internal.tabletree.XMLMultiPageEditorPart",1339743447734
activated,editor,org.eclipse.wst.xml.ui,1.1.105.v201106142156,"org.eclipse.wst.xml.ui.internal.tabletree.XMLMultiPageEditorPart",1339743452531
closed,editor,org.eclipse.wst.xml.ui,1.1.105.v201106142156,"org.eclipse.wst.xml.ui.internal.tabletree.XMLMultiPageEditorPart",1339743452531
activated,editor,org.eclipse.wst.xml.ui,1.1.105.v201106142156,"org.eclipse.wst.xml.ui.internal.tabletree.XMLMultiPageEditorPart",1339743455156
activated,editor,org.eclipse.wst.xml.ui,1.1.105.v201106142156,"org.eclipse.wst.xml.ui.internal.tabletree.XMLMultiPageEditorPart",1339743457171
closed,editor,org.eclipse.wst.xml.ui,1.1.105.v201106142156,"org.eclipse.wst.xml.ui.internal.tabletree.XMLMultiPageEditorPart",1339743457171
activated,view,org.eclipse.ui.ide,3.6.2.M20101201-0800,"org.eclipse.ui.views.ResourceNavigator",1339743458500
opened,editor,org.eclipse.wst.xml.ui,1.1.105.v201106142156,"org.eclipse.wst.xml.ui.internal.tabletree.XMLMultiPageEditorPart",1339743476531
activated,editor,org.eclipse.wst.xml.ui,1.1.105.v201106142156,"org.eclipse.wst.xml.ui.internal.tabletree.XMLMultiPageEditorPart",1339743476578
executed,command,org.eclipse.ui,3.6.2.M20110203-1100,"org.eclipse.ui.file.save",1339743486609
activated,view,org.eclipse.ui.ide,3.6.2.M20101201-0800,"org.eclipse.ui.views.ResourceNavigator",1339743488359
opened,editor,org.eclipse.wst.xml.ui,1.1.105.v201106142156,"org.eclipse.wst.xml.ui.internal.tabletree.XMLMultiPageEditorPart",1339743495312
activated,editor,org.eclipse.wst.xml.ui,1.1.105.v201106142156,"org.eclipse.wst.xml.ui.internal.tabletree.XMLMultiPageEditorPart",1339743495343
activated,editor,org.eclipse.wst.xml.ui,1.1.105.v201106142156,"org.eclipse.wst.xml.ui.internal.tabletree.XMLMultiPageEditorPart",1339743507578
closed,editor,org.eclipse.wst.xml.ui,1.1.105.v201106142156,"org.eclipse.wst.xml.ui.internal.tabletree.XMLMultiPageEditorPart",1339743507578
activated,view,org.eclipse.ui.ide,3.6.2.M20101201-0800,"org.eclipse.ui.views.ResourceNavigator",1339743509796
activated,editor,org.eclipse.wst.xml.ui,1.1.105.v201106142156,"org.eclipse.wst.xml.ui.internal.tabletree.XMLMultiPageEditorPart",1339743520078
activated,editor,org.eclipse.wst.xml.ui,1.1.105.v201106142156,"org.eclipse.wst.xml.ui.internal.tabletree.XMLMultiPageEditorPart",1339743526718
closed,editor,org.eclipse.wst.xml.ui,1.1.105.v201106142156,"org.eclipse.wst.xml.ui.internal.tabletree.XMLMultiPageEditorPart",1339743526718
activated,view,org.eclipse.ui.ide,3.6.2.M20101201-0800,"org.eclipse.ui.views.ResourceNavigator",1339743527984
opened,editor,org.eclipse.wst.xml.ui,1.1.105.v201106142156,"org.eclipse.wst.xml.ui.internal.tabletree.XMLMultiPageEditorPart",1339743533718
activated,editor,org.eclipse.wst.xml.ui,1.1.105.v201106142156,"org.eclipse.wst.xml.ui.internal.tabletree.XMLMultiPageEditorPart",1339743533781
executed,command,org.eclipse.ui,3.6.2.M20110203-1100,"org.eclipse.ui.file.save",1339743540062
activated,view,org.eclipse.ui.ide,3.6.2.M20101201-0800,"org.eclipse.ui.views.ResourceNavigator",1339743541937
started,bundle,egovframework.dev.imp.dbio,2.0.1.201111250803,"egovframework.dev.imp.dbio",1339743545531
opened,editor,egovframework.dev.imp.dbio,2.0.1.201111250803,"egovframework.dev.imp.dbio.editor.sqlMapConfigEditor",1339743545812
activated,editor,egovframework.dev.imp.dbio,2.0.1.201111250803,"egovframework.dev.imp.dbio.editor.sqlMapConfigEditor",1339743545859
activated,view,org.eclipse.ui.ide,3.6.2.M20101201-0800,"org.eclipse.ui.views.ResourceNavigator",1339743545875
activated,editor,egovframework.dev.imp.dbio,2.0.1.201111250803,"egovframework.dev.imp.dbio.editor.sqlMapConfigEditor",1339743547609
executed,command,org.eclipse.ui,3.6.2.M20110203-1100,"org.eclipse.ui.edit.delete",1339743555531
executed,command,org.eclipse.ui,3.6.2.M20110203-1100,"org.eclipse.ui.edit.delete",1339743555718
executed,command,org.eclipse.ui,3.6.2.M20110203-1100,"org.eclipse.ui.edit.delete",1339743556000
executed,command,org.eclipse.ui,3.6.2.M20110203-1100,"org.eclipse.ui.edit.delete",1339743556453
executed,command,org.eclipse.ui,3.6.2.M20110203-1100,"org.eclipse.ui.file.save",1339743559484
activated,view,org.eclipse.ui.ide,3.6.2.M20101201-0800,"org.eclipse.ui.views.ResourceNavigator",1339743563843
deactivated,workbench,org.eclipse.ui.workbench,3.6.2.M20110210-1200,"",1339743574265
activated,workbench,org.eclipse.ui.workbench,3.6.2.M20110210-1200,"",1339743581875
executed,command,org.eclipse.ltk.ui.refactoring,3.5.0.v20100526-0800,"org.eclipse.ltk.ui.refactoring.commands.renameResource",1339743581890
executed,command,org.eclipse.ui,3.6.2.M20110203-1100,"org.eclipse.ui.edit.rename",1339743581890
deactivated,workbench,org.eclipse.ui.workbench,3.6.2.M20110210-1200,"",1339743611656
activated,workbench,org.eclipse.ui.workbench,3.6.2.M20110210-1200,"",1339743613796
executed,command,org.eclipse.ltk.ui.refactoring,3.5.0.v20100526-0800,"org.eclipse.ltk.ui.refactoring.commands.deleteResources",1339743613796
activated,editor,egovframework.dev.imp.dbio,2.0.1.201111250803,"egovframework.dev.imp.dbio.editor.sqlMapConfigEditor",1339743620343
activated,editor,org.eclipse.wst.xml.ui,1.1.105.v201106142156,"org.eclipse.wst.xml.ui.internal.tabletree.XMLMultiPageEditorPart",1339743628203
closed,editor,egovframework.dev.imp.dbio,2.0.1.201111250803,"egovframework.dev.imp.dbio.editor.sqlMapConfigEditor",1339743628203
activated,view,org.eclipse.ui.ide,3.6.2.M20101201-0800,"org.eclipse.ui.views.ResourceNavigator",1339743629468
executed,command,org.eclipse.ui,3.6.2.M20110203-1100,"org.eclipse.ui.edit.copy",1339743636343
executed,command,org.eclipse.ui,3.6.2.M20110203-1100,"org.eclipse.ui.edit.paste",1339743641218
opened,editor,org.eclipse.wst.xml.ui,1.1.105.v201106142156,"org.eclipse.wst.xml.ui.internal.tabletree.XMLMultiPageEditorPart",1339743670328
activated,editor,org.eclipse.wst.xml.ui,1.1.105.v201106142156,"org.eclipse.wst.xml.ui.internal.tabletree.XMLMultiPageEditorPart",1339743670375
activated,editor,org.eclipse.wst.xml.ui,1.1.105.v201106142156,"org.eclipse.wst.xml.ui.internal.tabletree.XMLMultiPageEditorPart",1339743684453
closed,editor,org.eclipse.wst.xml.ui,1.1.105.v201106142156,"org.eclipse.wst.xml.ui.internal.tabletree.XMLMultiPageEditorPart",1339743684453
activated,view,org.eclipse.ui.ide,3.6.2.M20101201-0800,"org.eclipse.ui.views.ResourceNavigator",1339743695734
activated,editor,org.eclipse.wst.xml.ui,1.1.105.v201106142156,"org.eclipse.wst.xml.ui.internal.tabletree.XMLMultiPageEditorPart",1339743698546
activated,view,org.eclipse.ui.ide,3.6.2.M20101201-0800,"org.eclipse.ui.views.ResourceNavigator",1339743736625
opened,editor,org.eclipse.wst.xml.ui,1.1.105.v201106142156,"org.eclipse.wst.xml.ui.internal.tabletree.XMLMultiPageEditorPart",1339743756953
activated,editor,org.eclipse.wst.xml.ui,1.1.105.v201106142156,"org.eclipse.wst.xml.ui.internal.tabletree.XMLMultiPageEditorPart",1339743757000
activated,editor,org.eclipse.wst.xml.ui,1.1.105.v201106142156,"org.eclipse.wst.xml.ui.internal.tabletree.XMLMultiPageEditorPart",1339743764968
closed,editor,org.eclipse.wst.xml.ui,1.1.105.v201106142156,"org.eclipse.wst.xml.ui.internal.tabletree.XMLMultiPageEditorPart",1339743764968
activated,view,org.eclipse.ui.ide,3.6.2.M20101201-0800,"org.eclipse.ui.views.ResourceNavigator",1339743769968
opened,editor,org.eclipse.wst.xml.ui,1.1.105.v201106142156,"org.eclipse.wst.xml.ui.internal.tabletree.XMLMultiPageEditorPart",1339743771156
activated,editor,org.eclipse.wst.xml.ui,1.1.105.v201106142156,"org.eclipse.wst.xml.ui.internal.tabletree.XMLMultiPageEditorPart",1339743771187
executed,command,org.eclipse.ui,3.6.2.M20110203-1100,"org.eclipse.ui.edit.delete",1339743780656
executed,command,org.eclipse.ui,3.6.2.M20110203-1100,"org.eclipse.ui.edit.delete",1339743780796
executed,command,org.eclipse.ui,3.6.2.M20110203-1100,"org.eclipse.ui.edit.delete",1339743783859
executed,command,org.eclipse.ui,3.6.2.M20110203-1100,"org.eclipse.ui.file.save",1339743793015
activated,view,org.eclipse.ui.ide,3.6.2.M20101201-0800,"org.eclipse.ui.views.ResourceNavigator",1339743795187
deactivated,workbench,org.eclipse.ui.workbench,3.6.2.M20110210-1200,"",1339743799687
activated,workbench,org.eclipse.ui.workbench,3.6.2.M20110210-1200,"",1339743801578
deactivated,workbench,org.eclipse.ui.workbench,3.6.2.M20110210-1200,"",1339743808687
activated,workbench,org.eclipse.ui.workbench,3.6.2.M20110210-1200,"",1339743810296
opened,editor,org.eclipse.wst.xml.ui,1.1.105.v201106142156,"org.eclipse.wst.xml.ui.internal.tabletree.XMLMultiPageEditorPart",1339743812109
activated,editor,org.eclipse.wst.xml.ui,1.1.105.v201106142156,"org.eclipse.wst.xml.ui.internal.tabletree.XMLMultiPageEditorPart",1339743812125
activated,editor,org.eclipse.wst.xml.ui,1.1.105.v201106142156,"org.eclipse.wst.xml.ui.internal.tabletree.XMLMultiPageEditorPart",1339743818031
closed,editor,org.eclipse.wst.xml.ui,1.1.105.v201106142156,"org.eclipse.wst.xml.ui.internal.tabletree.XMLMultiPageEditorPart",1339743818046
activated,view,org.eclipse.ui.ide,3.6.2.M20101201-0800,"org.eclipse.ui.views.ResourceNavigator",1339743819406
deactivated,workbench,org.eclipse.ui.workbench,3.6.2.M20110210-1200,"",1339743882953
activated,workbench,org.eclipse.ui.workbench,3.6.2.M20110210-1200,"",1339743884156
opened,editor,egovframework.dev.imp.dbio,2.0.1.201111250803,"egovframework.dev.imp.dbio.editor.sqlMapConfigEditor",1339743898359
activated,editor,egovframework.dev.imp.dbio,2.0.1.201111250803,"egovframework.dev.imp.dbio.editor.sqlMapConfigEditor",1339743898421
executed,command,org.eclipse.ui,3.6.2.M20110203-1100,"org.eclipse.ui.file.save",1339743906593
activated,view,org.eclipse.ui.ide,3.6.2.M20101201-0800,"org.eclipse.ui.views.ResourceNavigator",1339743907796
activated,editor,egovframework.dev.imp.dbio,2.0.1.201111250803,"egovframework.dev.imp.dbio.editor.sqlMapConfigEditor",1339743909984
activated,editor,org.eclipse.wst.xml.ui,1.1.105.v201106142156,"org.eclipse.wst.xml.ui.internal.tabletree.XMLMultiPageEditorPart",1339743910031
closed,editor,egovframework.dev.imp.dbio,2.0.1.201111250803,"egovframework.dev.imp.dbio.editor.sqlMapConfigEditor",1339743910031
activated,view,org.eclipse.ui.ide,3.6.2.M20101201-0800,"org.eclipse.ui.views.ResourceNavigator",1339743916000
activated,editor,org.eclipse.wst.xml.ui,1.1.105.v201106142156,"org.eclipse.wst.xml.ui.internal.tabletree.XMLMultiPageEditorPart",1339743948531
activated,view,org.eclipse.ui.ide,3.6.2.M20101201-0800,"org.eclipse.ui.views.ResourceNavigator",1339743951125
activated,editor,org.eclipse.wst.xml.ui,1.1.105.v201106142156,"org.eclipse.wst.xml.ui.internal.tabletree.XMLMultiPageEditorPart",1339743958203
executed,command,org.eclipse.ui,3.6.2.M20110203-1100,"org.eclipse.ui.file.save",1339743962968
activated,view,org.eclipse.ui.ide,3.6.2.M20101201-0800,"org.eclipse.ui.views.ResourceNavigator",1339743964406
opened,editor,org.eclipse.wst.xml.ui,1.1.105.v201106142156,"org.eclipse.wst.xml.ui.internal.tabletree.XMLMultiPageEditorPart",1339743965218
activated,editor,org.eclipse.wst.xml.ui,1.1.105.v201106142156,"org.eclipse.wst.xml.ui.internal.tabletree.XMLMultiPageEditorPart",1339743965250
activated,view,org.eclipse.ui.ide,3.6.2.M20101201-0800,"org.eclipse.ui.views.ResourceNavigator",1339743994031
deactivated,workbench,org.eclipse.ui.workbench,3.6.2.M20110210-1200,"",1339744010187
activated,workbench,org.eclipse.ui.workbench,3.6.2.M20110210-1200,"",1339744020250
executed,command,org.eclipse.ltk.ui.refactoring,3.5.0.v20100526-0800,"org.eclipse.ltk.ui.refactoring.commands.renameResource",1339744020265
executed,command,org.eclipse.ui,3.6.2.M20110203-1100,"org.eclipse.ui.edit.rename",1339744020265
deactivated,workbench,org.eclipse.ui.workbench,3.6.2.M20110210-1200,"",1339744035406
activated,workbench,org.eclipse.ui.workbench,3.6.2.M20110210-1200,"",1339744037187
activated,perspective,egovframework.dev.imp.core,,"egovframework.dev.imp.core.perspectives.egovperspective",1339745371812
started,bundle,org.eclipse.osgi,3.6.2.R36x_v20110210,"org.eclipse.osgi",1339745371812
started,bundle,org.eclipse.equinox.simpleconfigurator,1.0.200.v20100503,"org.eclipse.equinox.simpleconfigurator",1339745371812
started,bundle,com.ibm.icu,4.2.1.v20100412,"com.ibm.icu",1339745371812
started,bundle,org.eclipse.core.contenttype,3.4.100.v20100505-1235,"org.eclipse.core.contenttype",1339745371812
started,bundle,org.eclipse.core.databinding.observable,1.3.0.I20100601-0800,"org.eclipse.core.databinding.observable",1339745371812
started,bundle,org.eclipse.core.expressions,3.4.200.v20100505,"org.eclipse.core.expressions",1339745371812
started,bundle,org.eclipse.core.filebuffers,3.5.100.v20100520-0800,"org.eclipse.core.filebuffers",1339745371812
started,bundle,org.eclipse.core.filesystem,1.3.1.R36x_v20100727-0745,"org.eclipse.core.filesystem",1339745371828
started,bundle,org.eclipse.core.net,1.2.100.I20100511-0800,"org.eclipse.core.net",1339745371828
started,bundle,org.eclipse.core.resources,3.6.1.R36x_v20110131-1630,"org.eclipse.core.resources",1339745371828
started,bundle,org.eclipse.core.runtime,3.6.0.v20100505,"org.eclipse.core.runtime",1339745371828
started,bundle,org.eclipse.core.runtime.compatibility,3.2.100.v20100505,"org.eclipse.core.runtime.compatibility",1339745371828
started,bundle,org.eclipse.core.runtime.compatibility.auth,3.2.200.v20100517,"org.eclipse.core.runtime.compatibility.auth",1339745371828
started,bundle,org.eclipse.draw2d,3.6.2.v20110128-0100,"org.eclipse.draw2d",1339745371968
started,bundle,org.eclipse.epp.usagedata.gathering,1.3.1.R201102081640,"org.eclipse.epp.usagedata.gathering",1339745371968
started,bundle,org.eclipse.epp.usagedata.recording,1.3.1.R201102081640,"org.eclipse.epp.usagedata.recording",1339745371968
started,bundle,org.eclipse.equinox.app,1.3.1.R36x_v20100803,"org.eclipse.equinox.app",1339745371968
started,bundle,org.eclipse.equinox.common,3.6.0.v20100503,"org.eclipse.equinox.common",1339745371968
started,bundle,org.eclipse.equinox.ds,1.2.1.R36x_v20100803,"org.eclipse.equinox.ds",1339745371968
started,bundle,org.eclipse.equinox.event,1.2.0.v20100503,"org.eclipse.equinox.event",1339745371968
started,bundle,org.eclipse.equinox.p2.core,2.0.3.R36x_v20110111,"org.eclipse.equinox.p2.core",1339745371968
started,bundle,org.eclipse.equinox.p2.directorywatcher,1.0.203.R36x_v20101220,"org.eclipse.equinox.p2.directorywatcher",1339745371968
started,bundle,org.eclipse.equinox.p2.engine,2.0.1.R36x_v20110201,"org.eclipse.equinox.p2.engine",1339745371968
started,bundle,org.eclipse.equinox.p2.metadata,2.0.1.R36x_v20101202,"org.eclipse.equinox.p2.metadata",1339745371968
started,bundle,org.eclipse.equinox.p2.metadata.repository,1.1.0.v20100513,"org.eclipse.equinox.p2.metadata.repository",1339745371968
started,bundle,org.eclipse.equinox.p2.operations,2.0.0.v20100510,"org.eclipse.equinox.p2.operations",1339745371968
started,bundle,org.eclipse.equinox.p2.reconciler.dropins,1.1.2.R36x_v20110114,"org.eclipse.equinox.p2.reconciler.dropins",1339745371984
started,bundle,org.eclipse.equinox.p2.repository,2.0.2.R36x_v20110111-1500,"org.eclipse.equinox.p2.repository",1339745371984
started,bundle,org.eclipse.equinox.p2.ui.sdk.scheduler,1.0.0.v20100507-1815,"org.eclipse.equinox.p2.ui.sdk.scheduler",1339745371984
started,bundle,org.eclipse.equinox.p2.updatechecker,1.1.101.R36x_v20100823,"org.eclipse.equinox.p2.updatechecker",1339745371984
started,bundle,org.eclipse.equinox.preferences,3.3.0.v20100503,"org.eclipse.equinox.preferences",1339745371984
started,bundle,org.eclipse.equinox.registry,3.5.0.v20100503,"org.eclipse.equinox.registry",1339745371984
started,bundle,org.eclipse.equinox.security,1.0.200.v20100503,"org.eclipse.equinox.security",1339745372000
started,bundle,org.eclipse.equinox.util,1.0.200.v20100503,"org.eclipse.equinox.util",1339745372000
started,bundle,org.eclipse.gef,3.6.2.v20110110-2020,"org.eclipse.gef",1339745372000
started,bundle,org.eclipse.help,3.5.0.v20100524,"org.eclipse.help",1339745372046
started,bundle,org.eclipse.jdt.core,3.6.2.v_A76_R36x,"org.eclipse.jdt.core",1339745372046
started,bundle,org.eclipse.jdt.core.manipulation,1.3.0.v20100520-0800,"org.eclipse.jdt.core.manipulation",1339745372046
started,bundle,org.eclipse.jdt.ui,3.6.2.r362_v20110203,"org.eclipse.jdt.ui",1339745372078
started,bundle,org.eclipse.jface,3.6.2.M20110210-1200,"org.eclipse.jface",1339745372078
started,bundle,org.eclipse.jst.common.project.facet.core,1.4.102.v201008182136,"org.eclipse.jst.common.project.facet.core",1339745372078
started,bundle,org.eclipse.jst.ws.jaxrs.core,1.0.201.v201011231540,"org.eclipse.jst.ws.jaxrs.core",1339745372078
started,bundle,org.eclipse.search,3.6.0.v20100520-0800,"org.eclipse.search",1339745372078
started,bundle,org.eclipse.team.core,3.5.101.R36x_v20110203-1036,"org.eclipse.team.core",1339745372078
started,bundle,org.eclipse.ui,3.6.2.M20110203-1100,"org.eclipse.ui",1339745372093
started,bundle,org.eclipse.ui.console,3.5.0.v20100526,"org.eclipse.ui.console",1339745372093
started,bundle,org.eclipse.ui.editors,3.6.1.r361_v20100825-0800,"org.eclipse.ui.editors",1339745372093
started,bundle,org.eclipse.ui.forms,3.5.2.r36_v20100702,"org.eclipse.ui.forms",1339745372093
started,bundle,org.eclipse.ui.ide,3.6.2.M20101201-0800,"org.eclipse.ui.ide",1339745372125
started,bundle,org.eclipse.ui.net,1.2.100.I20100505-1245,"org.eclipse.ui.net",1339745372125
started,bundle,org.eclipse.ui.views,3.5.1.M20110202-0800,"org.eclipse.ui.views",1339745372125
started,bundle,org.eclipse.ui.workbench,3.6.2.M20110210-1200,"org.eclipse.ui.workbench",1339745372140
started,bundle,org.eclipse.ui.workbench.texteditor,3.6.1.r361_v20100714-0800,"org.eclipse.ui.workbench.texteditor",1339745372140
started,bundle,org.eclipse.wst.common.project.facet.core,1.4.102.v201008170019,"org.eclipse.wst.common.project.facet.core",1339745372140
started,bundle,org.eclipse.wst.common.snippets,1.2.2.v201101130441,"org.eclipse.wst.common.snippets",1339745372140
started,bundle,org.eclipse.mylyn.bugzilla.core,3.6.2.v20110903-0100,"org.eclipse.mylyn.bugzilla.core",1339745372140
started,bundle,org.eclipse.mylyn.bugzilla.ui,3.6.0.v20110608-1400,"org.eclipse.mylyn.bugzilla.ui",1339745372140
started,bundle,org.eclipse.mylyn.commons.identity,0.8.0.v20110608-1400,"org.eclipse.mylyn.commons.identity",1339745372140
started,bundle,org.eclipse.mylyn.commons.net,3.6.0.v20110608-1400,"org.eclipse.mylyn.commons.net",1339745372140
started,bundle,org.eclipse.mylyn.commons.ui,3.6.1.v20110720-0100,"org.eclipse.mylyn.commons.ui",1339745372140
started,bundle,org.eclipse.mylyn.context.core,3.6.1.v20110720-0100,"org.eclipse.mylyn.context.core",1339745372140
started,bundle,org.eclipse.mylyn.context.ui,3.6.0.v20110608-1400,"org.eclipse.mylyn.context.ui",1339745372156
started,bundle,org.eclipse.mylyn.monitor.ui,3.6.0.v20110608-1400,"org.eclipse.mylyn.monitor.ui",1339745372156
started,bundle,org.eclipse.mylyn.tasks.ui,3.6.2.v20110826-0100,"org.eclipse.mylyn.tasks.ui",1339745372171
started,bundle,org.eclipse.wst.xml.core,1.1.505.v201109271810,"org.eclipse.wst.xml.core",1339745372187
started,bundle,org.eclipse.core.jobs,3.5.1.R36x_v20100824-p001,"org.eclipse.core.jobs",1339745372187
os,sysinfo,,,"win32",1339745372187
arch,sysinfo,,,"x86",1339745372187
ws,sysinfo,,,"win32",1339745372187
locale,sysinfo,,,"ko_KR",1339745372187
processors,sysinfo,,,"4",1339745372187
java.runtime.name,sysinfo,,,"Java(TM) SE Runtime Environment",1339745372187
java.runtime.version,sysinfo,,,"1.6.0_33-b03",1339745372187
java.specification.name,sysinfo,,,"Java Platform API Specification",1339745372187
java.specification.vendor,sysinfo,,,"Sun Microsystems Inc.",1339745372187
java.specification.version,sysinfo,,,"1.6",1339745372187
java.vendor,sysinfo,,,"Sun Microsystems Inc.",1339745372187
java.version,sysinfo,,,"1.6.0_33",1339745372187
java.vm.info,sysinfo,,,"mixed mode, sharing",1339745372187
java.vm.name,sysinfo,,,"Java HotSpot(TM) Client VM",1339745372187
java.vm.specification.name,sysinfo,,,"Java Virtual Machine Specification",1339745372187
java.vm.specification.vendor,sysinfo,,,"Sun Microsystems Inc.",1339745372187
java.vm.specification.version,sysinfo,,,"1.0",1339745372187
java.vm.vendor,sysinfo,,,"Sun Microsystems Inc.",1339745372187
java.vm.version,sysinfo,,,"20.8-b03",1339745372187
started,bundle,org.eclipse.wst.web,1.1.403.v201103081400,"org.eclipse.wst.web",1339745372453
started,bundle,org.eclipse.jst.ws.jaxws.utils,1.0.0.v201004171919,"org.eclipse.jst.ws.jaxws.utils",1339745372546
started,bundle,org.eclipse.update.scheduler,3.2.300.v20100512,"org.eclipse.update.scheduler",1339745372562
started,bundle,org.eclipse.wst.jsdt.core,1.1.8.v201109150205,"org.eclipse.wst.jsdt.core",1339745372718
started,bundle,org.eclipse.wst.common.frameworks,1.2.1.v201107271600,"org.eclipse.wst.common.frameworks",1339745373046
started,bundle,org.eclipse.jst.common.frameworks,1.1.404.v201103311600,"org.eclipse.jst.common.frameworks",1339745373046
started,bundle,org.eclipse.emf.common,2.6.0.v20100914-1218,"org.eclipse.emf.common",1339745373125
started,bundle,org.eclipse.wst.common.emf,1.2.3.v201012100400,"org.eclipse.wst.common.emf",1339745373250
started,bundle,org.eclipse.emf.ecore,2.6.1.v20100914-1218,"org.eclipse.emf.ecore",1339745374765
started,bundle,org.eclipse.update.configurator,3.3.100.v20100512,"org.eclipse.update.configurator",1339745374859
started,bundle,org.eclipse.jem.util,2.1.3.v201012070000,"org.eclipse.jem.util",1339745374890
started,bundle,org.eclipse.emf.ecore.xmi,2.5.0.v20100521-1846,"org.eclipse.emf.ecore.xmi",1339745374921
started,bundle,org.eclipse.wst.common.emfworkbench.integration,1.2.4.v201106210700,"org.eclipse.wst.common.emfworkbench.integration",1339745374921
started,bundle,org.eclipse.update.core,3.2.402.R36x_v20100629,"org.eclipse.update.core",1339745374953
